EmpID,Name,Age,Gender,DepartmentID,Salary,Region,Experience
1,Amit Sharma,36,Male,2,60000.0,North,6
2,Neha Verma,37,Female,5,75000.0,South,8
3,Rahul Singh,30,Male,2,90000.0,West,6
4,Priya Gupta,24,Female,2,52000.0,East,3
5,Arjun Patel,41,Male,6,82000.0,North,3
6,Kavita Rao,28,Female,1,68000.0,South,10
7,Manish Kumar,38,Male,3,95000.0,West,7
8,Sneha Kapoor,24,Female,6,61000.0,East,14
9,Rohit Mehta,23,Male,5,87000.0,North,6
10,Pooja Nair,36,Female,2,72000.0,South,3
11,Amit Sharma,31,Male,6,60000.0,north,11
12,Neha Verma,21,Female,2,66857.14,South,3
13,Rahul Singh,28,Male,1,66857.1,West,5
14,Priya Gupta,28,Female,1,52000.0,East,6
15,Arjun Patel,45,Male,2,82000.0,North,9
16,Amit Sharma,30,Male,3,60000.0,North,9
17,Neha Verma,25,Female,3,75000.0,South,4
18,Rahul Singh,30,Male,5,90000.0,West,6
19,Priya Gupta,27,Female,5,52000.0,East,10
20,Arjun Patel,43,Male,6,82000.0,North,2
21,Kavita Rao,33,Female,3,68000.0,South,2
22,Manish Kumar,21,Male,5,95000.0,West,1
23,Sneha Kapoor,20,Female,1,61000.0,East,12
24,Rohit Mehta,24,Male,1,87000.0,North,5
25,Pooja Nair,27,Female,3,72000.0,South,1
26,Amit Sharma,26,Male,2,60000.0,north,11
27,Neha Verma,33,Female,2,66857.14,South,12
28,Rahul Singh,36,Male,3,66857.1,West,13
29,Priya Gupta,29,Female,6,52000.0,East,8
30,Arjun Patel,31,Male,4,82000.0,North,6
31,Amit Sharma,23,Male,6,60000.0,North,2
32,Neha Verma,34,Female,5,75000.0,South,14
33,Rahul Singh,28,Male,1,90000.0,West,6
34,Priya Gupta,21,Female,3,52000.0,East,7
35,Arjun Patel,25,Male,3,82000.0,North,9
36,Kavita Rao,36,Female,4,68000.0,South,7
37,Manish Kumar,24,Male,3,95000.0,West,3
38,Sneha Kapoor,33,Female,1,61000.0,East,6
39,Rohit Mehta,20,Male,4,87000.0,North,1
40,Pooja Nair,36,Female,4,72000.0,South,3
41,Amit Sharma,22,Male,6,60000.0,north,1
42,Neha Verma,37,Female,2,66857.14,South,13
43,Rahul Singh,41,Male,2,66857.1,West,10
44,Priya Gupta,43,Female,6,52000.0,East,4
45,Arjun Patel,26,Male,2,82000.0,North,5
46,Amit Sharma,29,Male,6,60000.0,North,6
47,Neha Verma,42,Female,3,75000.0,South,5
48,Rahul Singh,39,Male,2,90000.0,West,8
49,Priya Gupta,31,Female,5,52000.0,East,15
50,Arjun Patel,34,Male,5,82000.0,North,15
51,Kavita Rao,30,Female,4,68000.0,South,8
52,Manish Kumar,41,Male,6,95000.0,West,5
53,Sneha Kapoor,36,Female,5,61000.0,East,1
54,Rohit Mehta,25,Male,2,87000.0,North,12
55,Pooja Nair,31,Female,1,72000.0,South,13
56,Amit Sharma,45,Male,2,60000.0,north,2
57,Neha Verma,38,Female,6,66857.14,South,4
58,Rahul Singh,21,Male,5,66857.1,West,1
59,Priya Gupta,36,Female,5,52000.0,East,9
60,Arjun Patel,38,Male,2,82000.0,North,6
61,Amit Sharma,26,Male,4,60000.0,North,9
62,Neha Verma,40,Female,4,75000.0,South,13
63,Rahul Singh,22,Male,5,90000.0,West,11
64,Priya Gupta,20,Female,5,52000.0,East,12
65,Arjun Patel,21,Male,1,82000.0,North,11
66,Kavita Rao,25,Female,3,68000.0,South,7
67,Manish Kumar,27,Male,2,95000.0,West,12
68,Sneha Kapoor,28,Female,1,61000.0,East,4
69,Rohit Mehta,38,Male,4,87000.0,North,8
70,Pooja Nair,38,Female,2,72000.0,South,7
71,Amit Sharma,39,Male,4,60000.0,north,6
72,Neha Verma,24,Female,4,66857.14,South,4
73,Rahul Singh,22,Male,2,66857.1,West,3
74,Priya Gupta,29,Female,4,52000.0,East,3
75,Arjun Patel,20,Male,2,82000.0,North,8
76,Amit Sharma,20,Male,5,60000.0,North,9
77,Neha Verma,27,Female,4,75000.0,South,10
78,Rahul Singh,42,Male,6,90000.0,West,4
79,Priya Gupta,29,Female,6,52000.0,East,8
80,Arjun Patel,30,Male,3,82000.0,North,9
81,Kavita Rao,26,Female,1,68000.0,South,6
82,Manish Kumar,26,Male,4,95000.0,West,15
83,Sneha Kapoor,41,Female,2,61000.0,East,4
84,Rohit Mehta,35,Male,4,87000.0,North,15
85,Pooja Nair,43,Female,1,72000.0,South,7
86,Amit Sharma,39,Male,6,60000.0,north,4
87,Neha Verma,34,Female,2,66857.14,South,4
88,Rahul Singh,41,Male,3,66857.1,West,2
89,Priya Gupta,41,Female,6,52000.0,East,2
90,Arjun Patel,29,Male,1,82000.0,North,11
91,Amit Sharma,35,Male,4,60000.0,North,12
92,Neha Verma,30,Female,4,75000.0,South,10
93,Rahul Singh,35,Male,4,90000.0,West,10
94,Priya Gupta,38,Female,4,52000.0,East,5
95,Arjun Patel,31,Male,3,82000.0,North,5
96,Kavita Rao,20,Female,3,68000.0,South,13
97,Manish Kumar,43,Male,5,95000.0,West,11
98,Sneha Kapoor,43,Female,3,61000.0,East,4
99,Rohit Mehta,30,Male,4,87000.0,North,9
100,Pooja Nair,28,Female,3,72000.0,South,3
101,Amit Sharma,44,Male,2,60000.0,north,7
102,Neha Verma,38,Female,1,66857.14,South,3
103,Rahul Singh,31,Male,1,66857.1,West,6
104,Priya Gupta,23,Female,3,52000.0,East,2
105,Arjun Patel,28,Male,2,82000.0,North,14
106,Amit Sharma,31,Male,5,60000.0,North,9
107,Neha Verma,35,Female,6,75000.0,South,7
108,Rahul Singh,27,Male,4,90000.0,West,5
109,Priya Gupta,39,Female,4,52000.0,East,3
110,Arjun Patel,29,Male,4,82000.0,North,2
111,Kavita Rao,21,Female,3,68000.0,South,4
112,Manish Kumar,37,Male,2,95000.0,West,11
113,Sneha Kapoor,27,Female,2,61000.0,East,9
114,Rohit Mehta,33,Male,2,87000.0,North,8
115,Pooja Nair,39,Female,5,72000.0,South,11
116,Amit Sharma,24,Male,2,60000.0,north,9
117,Neha Verma,37,Female,5,66857.14,South,8
118,Rahul Singh,45,Male,5,66857.1,West,15
119,Priya Gupta,27,Female,4,52000.0,East,12
120,Arjun Patel,35,Male,5,82000.0,North,2
121,Amit Sharma,43,Male,3,60000.0,North,12
122,Neha Verma,24,Female,6,75000.0,South,2
123,Rahul Singh,27,Male,5,90000.0,West,3
124,Priya Gupta,24,Female,6,52000.0,East,4
125,Arjun Patel,45,Male,3,82000.0,North,10
126,Kavita Rao,30,Female,3,68000.0,South,3
127,Manish Kumar,42,Male,2,95000.0,West,2
128,Sneha Kapoor,42,Female,3,61000.0,East,9
129,Rohit Mehta,24,Male,2,87000.0,North,6
130,Pooja Nair,41,Female,3,72000.0,South,6
131,Amit Sharma,25,Male,2,60000.0,north,7
132,Neha Verma,25,Female,1,66857.14,South,11
133,Rahul Singh,40,Male,5,66857.1,West,3
134,Priya Gupta,21,Female,3,52000.0,East,1
135,Arjun Patel,21,Male,6,82000.0,North,12
136,Amit Sharma,44,Male,4,60000.0,North,7
137,Neha Verma,26,Female,5,75000.0,South,12
138,Rahul Singh,23,Male,4,90000.0,West,7
139,Priya Gupta,31,Female,5,52000.0,East,5
140,Arjun Patel,35,Male,3,82000.0,North,8
141,Kavita Rao,29,Female,5,68000.0,South,11
142,Manish Kumar,31,Male,6,95000.0,West,12
143,Sneha Kapoor,36,Female,2,61000.0,East,6
144,Rohit Mehta,44,Male,2,87000.0,North,15
145,Pooja Nair,28,Female,5,72000.0,South,15
146,Amit Sharma,39,Male,6,60000.0,north,2
147,Neha Verma,41,Female,5,66857.14,South,1
148,Rahul Singh,40,Male,2,66857.1,West,8
149,Priya Gupta,41,Female,5,52000.0,East,2
150,Arjun Patel,30,Male,2,82000.0,North,5
151,Amit Sharma,35,Male,3,60000.0,North,7
152,Neha Verma,41,Female,5,75000.0,South,12
153,Rahul Singh,33,Male,5,90000.0,West,8
154,Priya Gupta,32,Female,2,52000.0,East,13
155,Arjun Patel,23,Male,6,82000.0,North,4
156,Kavita Rao,20,Female,3,68000.0,South,5
157,Manish Kumar,33,Male,5,95000.0,West,15
158,Sneha Kapoor,20,Female,3,61000.0,East,15
159,Rohit Mehta,25,Male,1,87000.0,North,10
160,Pooja Nair,39,Female,6,72000.0,South,13
161,Amit Sharma,33,Male,5,60000.0,north,9
162,Neha Verma,26,Female,3,66857.14,South,7
163,Rahul Singh,25,Male,1,66857.1,West,6
164,Priya Gupta,44,Female,1,52000.0,East,6
165,Arjun Patel,23,Male,1,82000.0,North,7
166,Amit Sharma,24,Male,1,60000.0,North,11
167,Neha Verma,32,Female,1,75000.0,South,11
168,Rahul Singh,39,Male,2,90000.0,West,6
169,Priya Gupta,24,Female,3,52000.0,East,12
170,Arjun Patel,38,Male,3,82000.0,North,13
171,Kavita Rao,39,Female,2,68000.0,South,10
172,Manish Kumar,35,Male,6,95000.0,West,12
173,Sneha Kapoor,35,Female,4,61000.0,East,14
174,Rohit Mehta,36,Male,1,87000.0,North,4
175,Pooja Nair,20,Female,3,72000.0,South,4
176,Amit Sharma,45,Male,2,60000.0,north,4
177,Neha Verma,38,Female,2,66857.14,South,4
178,Rahul Singh,27,Male,1,66857.1,West,8
179,Priya Gupta,41,Female,4,52000.0,East,7
180,Arjun Patel,24,Male,3,82000.0,North,13
181,Amit Sharma,42,Male,1,60000.0,North,4
182,Neha Verma,44,Female,2,75000.0,South,13
183,Rahul Singh,27,Male,6,90000.0,West,12
184,Priya Gupta,40,Female,5,52000.0,East,14
185,Arjun Patel,22,Male,6,82000.0,North,3
186,Kavita Rao,26,Female,1,68000.0,South,9
187,Manish Kumar,24,Male,4,95000.0,West,2
188,Sneha Kapoor,33,Female,1,61000.0,East,4
189,Rohit Mehta,44,Male,6,87000.0,North,14
190,Pooja Nair,44,Female,6,72000.0,South,6
191,Amit Sharma,35,Male,3,60000.0,north,13
192,Neha Verma,21,Female,6,66857.14,South,5
193,Rahul Singh,25,Male,6,66857.1,West,15
194,Priya Gupta,32,Female,4,52000.0,East,3
195,Arjun Patel,36,Male,6,82000.0,North,1
196,Amit Sharma,26,Male,5,60000.0,North,8
197,Neha Verma,25,Female,4,75000.0,South,15
198,Rahul Singh,20,Male,5,90000.0,West,13
199,Priya Gupta,41,Female,5,52000.0,East,3
200,Arjun Patel,37,Male,2,82000.0,North,8
201,Kavita Rao,22,Female,6,68000.0,South,1
202,Manish Kumar,29,Male,5,95000.0,West,1
203,Sneha Kapoor,40,Female,6,61000.0,East,6
204,Rohit Mehta,42,Male,1,87000.0,North,12
205,Pooja Nair,33,Female,3,72000.0,South,3
206,Amit Sharma,38,Male,6,60000.0,north,15
207,Neha Verma,21,Female,3,66857.14,South,10
208,Rahul Singh,42,Male,3,66857.1,West,5
209,Priya Gupta,32,Female,3,52000.0,East,4
210,Arjun Patel,45,Male,5,82000.0,North,8
211,Amit Sharma,30,Male,2,60000.0,North,5
212,Neha Verma,28,Female,4,75000.0,South,15
213,Rahul Singh,21,Male,5,90000.0,West,1
214,Priya Gupta,37,Female,5,52000.0,East,4
215,Arjun Patel,28,Male,5,82000.0,North,5
216,Kavita Rao,40,Female,5,68000.0,South,5
217,Manish Kumar,24,Male,2,95000.0,West,14
218,Sneha Kapoor,39,Female,4,61000.0,East,14
219,Rohit Mehta,28,Male,4,87000.0,North,7
220,Pooja Nair,33,Female,3,72000.0,South,13
221,Amit Sharma,31,Male,1,60000.0,north,8
222,Neha Verma,43,Female,1,66857.14,South,10
223,Rahul Singh,38,Male,4,66857.1,West,5
224,Priya Gupta,35,Female,3,52000.0,East,7
225,Arjun Patel,26,Male,6,82000.0,North,5
226,Amit Sharma,24,Male,5,60000.0,North,15
227,Neha Verma,28,Female,4,75000.0,South,3
228,Rahul Singh,26,Male,6,90000.0,West,6
229,Priya Gupta,40,Female,5,52000.0,East,3
230,Arjun Patel,33,Male,5,82000.0,North,14
231,Kavita Rao,26,Female,3,68000.0,South,13
232,Manish Kumar,35,Male,1,95000.0,West,6
233,Sneha Kapoor,29,Female,1,61000.0,East,10
234,Rohit Mehta,43,Male,1,87000.0,North,8
235,Pooja Nair,26,Female,3,72000.0,South,1
236,Amit Sharma,38,Male,3,60000.0,north,5
237,Neha Verma,37,Female,3,66857.14,South,14
238,Rahul Singh,40,Male,6,66857.1,West,7
239,Priya Gupta,42,Female,4,52000.0,East,8
240,Arjun Patel,21,Male,5,82000.0,North,6
241,Amit Sharma,28,Male,3,60000.0,North,8
242,Neha Verma,33,Female,5,75000.0,South,14
243,Rahul Singh,32,Male,4,90000.0,West,3
244,Priya Gupta,24,Female,6,52000.0,East,1
245,Arjun Patel,34,Male,6,82000.0,North,12
246,Kavita Rao,44,Female,3,68000.0,South,12
247,Manish Kumar,45,Male,3,95000.0,West,8
248,Sneha Kapoor,38,Female,4,61000.0,East,7
249,Rohit Mehta,39,Male,4,87000.0,North,6
250,Pooja Nair,34,Female,2,72000.0,South,12
251,Amit Sharma,43,Male,5,60000.0,north,4
252,Neha Verma,33,Female,2,66857.14,South,8
253,Rahul Singh,42,Male,1,66857.1,West,4
254,Priya Gupta,29,Female,2,52000.0,East,5
255,Arjun Patel,34,Male,2,82000.0,North,1
256,Amit Sharma,32,Male,6,60000.0,North,4
257,Neha Verma,26,Female,3,75000.0,South,1
258,Rahul Singh,34,Male,5,90000.0,West,12
259,Priya Gupta,27,Female,1,52000.0,East,6
260,Arjun Patel,32,Male,6,82000.0,North,10
261,Kavita Rao,23,Female,3,68000.0,South,2
262,Manish Kumar,27,Male,3,95000.0,West,5
263,Sneha Kapoor,42,Female,5,61000.0,East,7
264,Rohit Mehta,27,Male,3,87000.0,North,4
265,Pooja Nair,45,Female,6,72000.0,South,15
266,Amit Sharma,40,Male,4,60000.0,north,9
267,Neha Verma,24,Female,3,66857.14,South,11
268,Rahul Singh,22,Male,1,66857.1,West,13
269,Priya Gupta,31,Female,3,52000.0,East,14
270,Arjun Patel,22,Male,1,82000.0,North,6
271,Amit Sharma,38,Male,3,60000.0,North,7
272,Neha Verma,39,Female,5,75000.0,South,7
273,Rahul Singh,34,Male,4,90000.0,West,13
274,Priya Gupta,45,Female,1,52000.0,East,12
275,Arjun Patel,31,Male,6,82000.0,North,11
276,Kavita Rao,40,Female,4,68000.0,South,6
277,Manish Kumar,29,Male,3,95000.0,West,5
278,Sneha Kapoor,39,Female,3,61000.0,East,9
279,Rohit Mehta,36,Male,1,87000.0,North,3
280,Pooja Nair,20,Female,5,72000.0,South,10
281,Amit Sharma,22,Male,6,60000.0,north,14
282,Neha Verma,40,Female,6,66857.14,South,4
283,Rahul Singh,34,Male,2,66857.1,West,1
284,Priya Gupta,34,Female,1,52000.0,East,12
285,Arjun Patel,42,Male,4,82000.0,North,3
286,Amit Sharma,44,Male,6,60000.0,North,13
287,Neha Verma,23,Female,4,75000.0,South,13
288,Rahul Singh,40,Male,4,90000.0,West,1
289,Priya Gupta,41,Female,4,52000.0,East,6
290,Arjun Patel,24,Male,6,82000.0,North,1
291,Kavita Rao,20,Female,2,68000.0,South,15
292,Manish Kumar,27,Male,4,95000.0,West,13
293,Sneha Kapoor,33,Female,5,61000.0,East,11
294,Rohit Mehta,24,Male,6,87000.0,North,2
295,Pooja Nair,45,Female,2,72000.0,South,15
296,Amit Sharma,31,Male,3,60000.0,north,6
297,Neha Verma,37,Female,2,66857.14,South,7
298,Rahul Singh,25,Male,6,66857.1,West,10
299,Priya Gupta,42,Female,6,52000.0,East,2
300,Arjun Patel,27,Male,5,82000.0,North,4
301,Amit Sharma,26,Male,1,60000.0,North,5
302,Neha Verma,45,Female,1,75000.0,South,12
303,Rahul Singh,44,Male,4,90000.0,West,15
304,Priya Gupta,31,Female,3,52000.0,East,14
305,Arjun Patel,34,Male,5,82000.0,North,2
306,Kavita Rao,24,Female,2,68000.0,South,12
307,Manish Kumar,38,Male,4,95000.0,West,2
308,Sneha Kapoor,28,Female,6,61000.0,East,1
309,Rohit Mehta,42,Male,5,87000.0,North,12
310,Pooja Nair,41,Female,6,72000.0,South,2
311,Amit Sharma,25,Male,2,60000.0,north,4
312,Neha Verma,27,Female,6,66857.14,South,7
313,Rahul Singh,26,Male,6,66857.1,West,6
314,Priya Gupta,23,Female,2,52000.0,East,8
315,Arjun Patel,34,Male,4,82000.0,North,11
316,Amit Sharma,38,Male,3,60000.0,North,7
317,Neha Verma,35,Female,1,75000.0,South,13
318,Rahul Singh,24,Male,4,90000.0,West,11
319,Priya Gupta,37,Female,1,52000.0,East,7
320,Arjun Patel,40,Male,4,82000.0,North,8
321,Kavita Rao,31,Female,1,68000.0,South,8
322,Manish Kumar,21,Male,4,95000.0,West,9
323,Sneha Kapoor,26,Female,5,61000.0,East,6
324,Rohit Mehta,36,Male,2,87000.0,North,10
325,Pooja Nair,24,Female,3,72000.0,South,10
326,Amit Sharma,27,Male,6,60000.0,north,9
327,Neha Verma,25,Female,3,66857.14,South,12
328,Rahul Singh,38,Male,5,66857.1,West,3
329,Priya Gupta,37,Female,3,52000.0,East,2
330,Arjun Patel,30,Male,2,82000.0,North,9
331,Amit Sharma,25,Male,4,60000.0,North,3
332,Neha Verma,36,Female,5,75000.0,South,13
333,Rahul Singh,42,Male,6,90000.0,West,12
334,Priya Gupta,26,Female,6,52000.0,East,5
335,Arjun Patel,29,Male,1,82000.0,North,4
336,Kavita Rao,41,Female,1,68000.0,South,13
337,Manish Kumar,24,Male,1,95000.0,West,2
338,Sneha Kapoor,37,Female,6,61000.0,East,7
339,Rohit Mehta,36,Male,5,87000.0,North,8
340,Pooja Nair,39,Female,2,72000.0,South,5
341,Amit Sharma,42,Male,6,60000.0,north,10
342,Neha Verma,26,Female,2,66857.14,South,13
343,Rahul Singh,28,Male,2,66857.1,West,14
344,Priya Gupta,38,Female,2,52000.0,East,5
345,Arjun Patel,44,Male,5,82000.0,North,8
346,Amit Sharma,29,Male,1,60000.0,North,5
347,Neha Verma,43,Female,6,75000.0,South,13
348,Rahul Singh,38,Male,5,90000.0,West,11
349,Priya Gupta,45,Female,5,52000.0,East,12
350,Arjun Patel,22,Male,6,82000.0,North,11
351,Kavita Rao,32,Female,6,68000.0,South,3
352,Manish Kumar,32,Male,1,95000.0,West,12
353,Sneha Kapoor,44,Female,3,61000.0,East,12
354,Rohit Mehta,40,Male,1,87000.0,North,10
355,Pooja Nair,27,Female,4,72000.0,South,6
356,Amit Sharma,31,Male,5,60000.0,north,6
357,Neha Verma,34,Female,2,66857.14,South,9
358,Rahul Singh,20,Male,4,66857.1,West,14
359,Priya Gupta,30,Female,6,52000.0,East,2
360,Arjun Patel,30,Male,2,82000.0,North,12
361,Amit Sharma,32,Male,4,60000.0,North,3
362,Neha Verma,43,Female,4,75000.0,South,12
363,Rahul Singh,38,Male,3,90000.0,West,9
364,Priya Gupta,28,Female,3,52000.0,East,6
365,Arjun Patel,28,Male,6,82000.0,North,8
366,Kavita Rao,36,Female,1,68000.0,South,3
367,Manish Kumar,23,Male,5,95000.0,West,10
368,Sneha Kapoor,21,Female,6,61000.0,East,12
369,Rohit Mehta,29,Male,5,87000.0,North,14
370,Pooja Nair,36,Female,4,72000.0,South,15
371,Amit Sharma,23,Male,5,60000.0,north,9
372,Neha Verma,20,Female,6,66857.14,South,12
373,Rahul Singh,38,Male,4,66857.1,West,6
374,Priya Gupta,28,Female,3,52000.0,East,14
375,Arjun Patel,45,Male,4,82000.0,North,13
376,Amit Sharma,42,Male,1,60000.0,North,5
377,Neha Verma,20,Female,1,75000.0,South,11
378,Rahul Singh,28,Male,6,90000.0,West,14
379,Priya Gupta,29,Female,1,52000.0,East,11
380,Arjun Patel,36,Male,2,82000.0,North,4
381,Kavita Rao,30,Female,2,68000.0,South,12
382,Manish Kumar,41,Male,6,95000.0,West,3
383,Sneha Kapoor,30,Female,4,61000.0,East,1
384,Rohit Mehta,35,Male,3,87000.0,North,8
385,Pooja Nair,25,Female,1,72000.0,South,10
386,Amit Sharma,29,Male,2,60000.0,north,15
387,Neha Verma,23,Female,3,66857.14,South,10
388,Rahul Singh,44,Male,1,66857.1,West,14
389,Priya Gupta,40,Female,4,52000.0,East,8
390,Arjun Patel,39,Male,1,82000.0,North,7
391,Amit Sharma,33,Male,6,60000.0,North,14
392,Neha Verma,44,Female,1,75000.0,South,12
393,Rahul Singh,27,Male,3,90000.0,West,8
394,Priya Gupta,32,Female,2,52000.0,East,9
395,Arjun Patel,35,Male,6,82000.0,North,9
396,Kavita Rao,28,Female,2,68000.0,South,14
397,Manish Kumar,20,Male,2,95000.0,West,4
398,Sneha Kapoor,36,Female,4,61000.0,East,6
399,Rohit Mehta,30,Male,1,87000.0,North,14
400,Pooja Nair,44,Female,5,72000.0,South,4
401,Amit Sharma,30,Male,1,60000.0,north,3
402,Neha Verma,27,Female,1,66857.14,South,4
403,Rahul Singh,43,Male,5,66857.1,West,11
404,Priya Gupta,41,Female,3,52000.0,East,3
405,Arjun Patel,45,Male,5,82000.0,North,12
406,Amit Sharma,24,Male,5,60000.0,North,12
407,Neha Verma,32,Female,6,75000.0,South,10
408,Rahul Singh,20,Male,6,90000.0,West,13
409,Priya Gupta,37,Female,4,52000.0,East,15
410,Arjun Patel,23,Male,4,82000.0,North,4
411,Kavita Rao,28,Female,2,68000.0,South,10
412,Manish Kumar,31,Male,3,95000.0,West,1
413,Sneha Kapoor,37,Female,5,61000.0,East,1
414,Rohit Mehta,28,Male,1,87000.0,North,10
415,Pooja Nair,25,Female,1,72000.0,South,9
416,Amit Sharma,38,Male,1,60000.0,north,15
417,Neha Verma,45,Female,5,66857.14,South,3
418,Rahul Singh,43,Male,5,66857.1,West,1
419,Priya Gupta,37,Female,4,52000.0,East,4
420,Arjun Patel,43,Male,4,82000.0,North,2
421,Amit Sharma,24,Male,3,60000.0,North,6
422,Neha Verma,21,Female,1,75000.0,South,8
423,Rahul Singh,43,Male,4,90000.0,West,14
424,Priya Gupta,38,Female,4,52000.0,East,12
425,Arjun Patel,34,Male,2,82000.0,North,1
426,Kavita Rao,38,Female,5,68000.0,South,12
427,Manish Kumar,35,Male,3,95000.0,West,12
428,Sneha Kapoor,36,Female,5,61000.0,East,14
429,Rohit Mehta,22,Male,1,87000.0,North,6
430,Pooja Nair,37,Female,1,72000.0,South,13
431,Amit Sharma,20,Male,3,60000.0,north,9
432,Neha Verma,24,Female,6,66857.14,South,9
433,Rahul Singh,44,Male,2,66857.1,West,8
434,Priya Gupta,45,Female,1,52000.0,East,3
435,Arjun Patel,23,Male,6,82000.0,North,3
436,Amit Sharma,34,Male,3,60000.0,North,9
437,Neha Verma,25,Female,2,75000.0,South,7
438,Rahul Singh,45,Male,4,90000.0,West,7
439,Priya Gupta,27,Female,2,52000.0,East,12
440,Arjun Patel,42,Male,5,82000.0,North,7
441,Kavita Rao,32,Female,1,68000.0,South,13
442,Manish Kumar,39,Male,5,95000.0,West,9
443,Sneha Kapoor,43,Female,1,61000.0,East,2
444,Rohit Mehta,32,Male,6,87000.0,North,7
445,Pooja Nair,24,Female,1,72000.0,South,5
446,Amit Sharma,43,Male,5,60000.0,north,13
447,Neha Verma,20,Female,1,66857.14,South,5
448,Rahul Singh,44,Male,2,66857.1,West,1
449,Priya Gupta,45,Female,4,52000.0,East,8
450,Arjun Patel,34,Male,1,82000.0,North,6
451,Amit Sharma,33,Male,5,60000.0,North,11
452,Neha Verma,30,Female,4,75000.0,South,1
453,Rahul Singh,22,Male,5,90000.0,West,4
454,Priya Gupta,25,Female,1,52000.0,East,11
455,Arjun Patel,30,Male,2,82000.0,North,7
456,Kavita Rao,23,Female,6,68000.0,South,2
457,Manish Kumar,21,Male,1,95000.0,West,4
458,Sneha Kapoor,37,Female,3,61000.0,East,11
459,Rohit Mehta,41,Male,4,87000.0,North,2
460,Pooja Nair,35,Female,6,72000.0,South,3
461,Amit Sharma,38,Male,3,60000.0,north,14
462,Neha Verma,41,Female,2,66857.14,South,12
463,Rahul Singh,23,Male,4,66857.1,West,9
464,Priya Gupta,26,Female,5,52000.0,East,5
465,Arjun Patel,42,Male,6,82000.0,North,4
466,Amit Sharma,33,Male,4,60000.0,North,14
467,Neha Verma,35,Female,1,75000.0,South,12
468,Rahul Singh,27,Male,5,90000.0,West,7
469,Priya Gupta,25,Female,1,52000.0,East,14
470,Arjun Patel,38,Male,2,82000.0,North,11
471,Kavita Rao,38,Female,3,68000.0,South,11
472,Manish Kumar,39,Male,1,95000.0,West,6
473,Sneha Kapoor,20,Female,1,61000.0,East,4
474,Rohit Mehta,30,Male,2,87000.0,North,2
475,Pooja Nair,21,Female,1,72000.0,South,4
476,Amit Sharma,27,Male,4,60000.0,north,13
477,Neha Verma,27,Female,2,66857.14,South,9
478,Rahul Singh,20,Male,1,66857.1,West,5
479,Priya Gupta,42,Female,3,52000.0,East,8
480,Arjun Patel,32,Male,2,82000.0,North,6
481,Amit Sharma,20,Male,6,60000.0,North,8
482,Neha Verma,44,Female,5,75000.0,South,2
483,Rahul Singh,35,Male,2,90000.0,West,7
484,Priya Gupta,33,Female,5,52000.0,East,12
485,Arjun Patel,36,Male,1,82000.0,North,11
486,Kavita Rao,43,Female,1,68000.0,South,14
487,Manish Kumar,37,Male,4,95000.0,West,4
488,Sneha Kapoor,40,Female,1,61000.0,East,12
489,Rohit Mehta,41,Male,4,87000.0,North,6
490,Pooja Nair,20,Female,4,72000.0,South,7
491,Amit Sharma,23,Male,4,60000.0,north,15
492,Neha Verma,20,Female,2,66857.14,South,5
493,Rahul Singh,44,Male,5,66857.1,West,5
494,Priya Gupta,21,Female,2,52000.0,East,10
495,Arjun Patel,35,Male,3,82000.0,North,5
496,Amit Sharma,34,Male,5,60000.0,North,12
497,Neha Verma,30,Female,5,75000.0,South,9
498,Rahul Singh,35,Male,1,90000.0,West,13
499,Priya Gupta,32,Female,4,52000.0,East,10
500,Arjun Patel,27,Male,1,82000.0,North,4
501,Kavita Rao,25,Female,2,68000.0,South,4
502,Manish Kumar,31,Male,3,95000.0,West,5
503,Sneha Kapoor,43,Female,2,61000.0,East,2
504,Rohit Mehta,31,Male,1,87000.0,North,11
505,Pooja Nair,24,Female,3,72000.0,South,8
506,Amit Sharma,41,Male,2,60000.0,north,2
507,Neha Verma,23,Female,6,66857.14,South,8
508,Rahul Singh,37,Male,5,66857.1,West,11
509,Priya Gupta,22,Female,3,52000.0,East,2
510,Arjun Patel,33,Male,5,82000.0,North,11
511,Amit Sharma,34,Male,4,60000.0,North,5
512,Neha Verma,26,Female,4,75000.0,South,2
513,Rahul Singh,36,Male,2,90000.0,West,9
514,Priya Gupta,22,Female,2,52000.0,East,2
515,Arjun Patel,36,Male,2,82000.0,North,8
516,Kavita Rao,27,Female,1,68000.0,South,1
517,Manish Kumar,21,Male,6,95000.0,West,15
518,Sneha Kapoor,45,Female,5,61000.0,East,15
519,Rohit Mehta,41,Male,1,87000.0,North,1
520,Pooja Nair,43,Female,1,72000.0,South,10
521,Amit Sharma,22,Male,1,60000.0,north,13
522,Neha Verma,24,Female,5,66857.14,South,9
523,Rahul Singh,43,Male,5,66857.1,West,15
524,Priya Gupta,20,Female,3,52000.0,East,10
525,Arjun Patel,20,Male,6,82000.0,North,14
526,Amit Sharma,25,Male,2,60000.0,North,14
527,Neha Verma,24,Female,6,75000.0,South,4
528,Rahul Singh,44,Male,2,90000.0,West,14
529,Priya Gupta,33,Female,2,52000.0,East,6
530,Arjun Patel,35,Male,2,82000.0,North,8
531,Kavita Rao,41,Female,3,68000.0,South,11
532,Manish Kumar,23,Male,2,95000.0,West,4
533,Sneha Kapoor,37,Female,5,61000.0,East,12
534,Rohit Mehta,22,Male,1,87000.0,North,13
535,Pooja Nair,38,Female,2,72000.0,South,6
536,Amit Sharma,30,Male,6,60000.0,north,14
537,Neha Verma,22,Female,6,66857.14,South,12
538,Rahul Singh,32,Male,1,66857.1,West,12
539,Priya Gupta,36,Female,1,52000.0,East,10
540,Arjun Patel,30,Male,1,82000.0,North,10
541,Amit Sharma,45,Male,6,60000.0,North,2
542,Neha Verma,28,Female,4,75000.0,South,7
543,Rahul Singh,44,Male,1,90000.0,West,6
544,Priya Gupta,45,Female,6,52000.0,East,4
545,Arjun Patel,24,Male,3,82000.0,North,6
546,Kavita Rao,30,Female,1,68000.0,South,5
547,Manish Kumar,32,Male,4,95000.0,West,10
548,Sneha Kapoor,43,Female,5,61000.0,East,5
549,Rohit Mehta,39,Male,6,87000.0,North,10
550,Pooja Nair,34,Female,6,72000.0,South,5
551,Amit Sharma,20,Male,3,60000.0,north,3
552,Neha Verma,32,Female,6,66857.14,South,5
553,Rahul Singh,44,Male,5,66857.1,West,4
554,Priya Gupta,35,Female,6,52000.0,East,15
555,Arjun Patel,26,Male,3,82000.0,North,12
556,Amit Sharma,45,Male,6,60000.0,North,15
557,Neha Verma,24,Female,3,75000.0,South,5
558,Rahul Singh,29,Male,2,90000.0,West,7
559,Priya Gupta,35,Female,1,52000.0,East,11
560,Arjun Patel,42,Male,1,82000.0,North,9
561,Kavita Rao,26,Female,6,68000.0,South,5
562,Manish Kumar,36,Male,6,95000.0,West,4
563,Sneha Kapoor,37,Female,5,61000.0,East,6
564,Rohit Mehta,33,Male,6,87000.0,North,11
565,Pooja Nair,30,Female,5,72000.0,South,10
566,Amit Sharma,36,Male,5,60000.0,north,3
567,Neha Verma,34,Female,4,66857.14,South,4
568,Rahul Singh,32,Male,2,66857.1,West,5
569,Priya Gupta,29,Female,1,52000.0,East,13
570,Arjun Patel,32,Male,6,82000.0,North,11
571,Amit Sharma,30,Male,4,60000.0,North,13
572,Neha Verma,24,Female,6,75000.0,South,9
573,Rahul Singh,24,Male,5,90000.0,West,11
574,Priya Gupta,22,Female,4,52000.0,East,9
575,Arjun Patel,21,Male,1,82000.0,North,12
576,Kavita Rao,26,Female,3,68000.0,South,15
577,Manish Kumar,37,Male,4,95000.0,West,14
578,Sneha Kapoor,29,Female,1,61000.0,East,12
579,Rohit Mehta,37,Male,1,87000.0,North,11
580,Pooja Nair,38,Female,1,72000.0,South,6
581,Amit Sharma,25,Male,3,60000.0,north,5
582,Neha Verma,40,Female,5,66857.14,South,5
583,Rahul Singh,41,Male,3,66857.1,West,9
584,Priya Gupta,25,Female,5,52000.0,East,15
585,Arjun Patel,36,Male,6,82000.0,North,13
586,Amit Sharma,41,Male,6,60000.0,North,12
587,Neha Verma,26,Female,4,75000.0,South,10
588,Rahul Singh,42,Male,4,90000.0,West,2
589,Priya Gupta,44,Female,3,52000.0,East,15
590,Arjun Patel,44,Male,6,82000.0,North,2
591,Kavita Rao,36,Female,2,68000.0,South,7
592,Manish Kumar,35,Male,1,95000.0,West,7
593,Sneha Kapoor,21,Female,2,61000.0,East,3
594,Rohit Mehta,32,Male,4,87000.0,North,1
595,Pooja Nair,39,Female,3,72000.0,South,5
596,Amit Sharma,40,Male,5,60000.0,north,10
597,Neha Verma,45,Female,4,66857.14,South,6
598,Rahul Singh,24,Male,4,66857.1,West,4
599,Priya Gupta,24,Female,2,52000.0,East,5
600,Arjun Patel,25,Male,2,82000.0,North,7
601,Amit Sharma,32,Male,6,60000.0,North,4
602,Neha Verma,33,Female,4,75000.0,South,8
603,Rahul Singh,29,Male,3,90000.0,West,4
604,Priya Gupta,37,Female,5,52000.0,East,13
605,Arjun Patel,32,Male,2,82000.0,North,12
606,Kavita Rao,35,Female,5,68000.0,South,6
607,Manish Kumar,41,Male,4,95000.0,West,5
608,Sneha Kapoor,33,Female,4,61000.0,East,1
609,Rohit Mehta,22,Male,3,87000.0,North,1
610,Pooja Nair,41,Female,1,72000.0,South,1
611,Amit Sharma,23,Male,6,60000.0,north,10
612,Neha Verma,28,Female,6,66857.14,South,1
613,Rahul Singh,39,Male,1,66857.1,West,2
614,Priya Gupta,21,Female,2,52000.0,East,11
615,Arjun Patel,41,Male,4,82000.0,North,11
616,Amit Sharma,21,Male,5,60000.0,North,2
617,Neha Verma,42,Female,5,75000.0,South,15
618,Rahul Singh,40,Male,2,90000.0,West,13
619,Priya Gupta,22,Female,2,52000.0,East,6
620,Arjun Patel,28,Male,1,82000.0,North,15
621,Kavita Rao,37,Female,3,68000.0,South,8
622,Manish Kumar,25,Male,4,95000.0,West,11
623,Sneha Kapoor,27,Female,4,61000.0,East,9
624,Rohit Mehta,40,Male,3,87000.0,North,11
625,Pooja Nair,35,Female,3,72000.0,South,2
626,Amit Sharma,34,Male,5,60000.0,north,4
627,Neha Verma,35,Female,2,66857.14,South,11
628,Rahul Singh,24,Male,6,66857.1,West,4
629,Priya Gupta,29,Female,4,52000.0,East,14
630,Arjun Patel,41,Male,2,82000.0,North,7
631,Amit Sharma,26,Male,2,60000.0,North,10
632,Neha Verma,44,Female,5,75000.0,South,4
633,Rahul Singh,37,Male,1,90000.0,West,14
634,Priya Gupta,41,Female,1,52000.0,East,13
635,Arjun Patel,41,Male,4,82000.0,North,15
636,Kavita Rao,44,Female,3,68000.0,South,5
637,Manish Kumar,28,Male,1,95000.0,West,10
638,Sneha Kapoor,30,Female,2,61000.0,East,14
639,Rohit Mehta,27,Male,6,87000.0,North,3
640,Pooja Nair,35,Female,4,72000.0,South,9
641,Amit Sharma,21,Male,1,60000.0,north,9
642,Neha Verma,43,Female,2,66857.14,South,13
643,Rahul Singh,21,Male,4,66857.1,West,5
644,Priya Gupta,21,Female,6,52000.0,East,10
645,Arjun Patel,42,Male,5,82000.0,North,4
646,Amit Sharma,31,Male,4,60000.0,North,2
647,Neha Verma,43,Female,1,75000.0,South,8
648,Rahul Singh,39,Male,4,90000.0,West,8
649,Priya Gupta,45,Female,1,52000.0,East,11
650,Arjun Patel,33,Male,1,82000.0,North,7
651,Kavita Rao,29,Female,1,68000.0,South,1
652,Manish Kumar,30,Male,6,95000.0,West,1
653,Sneha Kapoor,25,Female,6,61000.0,East,5
654,Rohit Mehta,42,Male,2,87000.0,North,9
655,Pooja Nair,42,Female,6,72000.0,South,8
656,Amit Sharma,26,Male,2,60000.0,north,10
657,Neha Verma,34,Female,1,66857.14,South,13
658,Rahul Singh,45,Male,5,66857.1,West,1
659,Priya Gupta,39,Female,4,52000.0,East,15
660,Arjun Patel,27,Male,4,82000.0,North,2
661,Amit Sharma,37,Male,6,60000.0,North,5
662,Neha Verma,22,Female,5,75000.0,South,10
663,Rahul Singh,24,Male,4,90000.0,West,4
664,Priya Gupta,35,Female,4,52000.0,East,2
665,Arjun Patel,33,Male,3,82000.0,North,6
666,Kavita Rao,30,Female,3,68000.0,South,10
667,Manish Kumar,24,Male,2,95000.0,West,14
668,Sneha Kapoor,20,Female,3,61000.0,East,4
669,Rohit Mehta,43,Male,6,87000.0,North,11
670,Pooja Nair,27,Female,1,72000.0,South,1
671,Amit Sharma,28,Male,4,60000.0,north,12
672,Neha Verma,23,Female,6,66857.14,South,3
673,Rahul Singh,26,Male,3,66857.1,West,13
674,Priya Gupta,26,Female,5,52000.0,East,9
675,Arjun Patel,42,Male,4,82000.0,North,4
676,Amit Sharma,28,Male,2,60000.0,North,2
677,Neha Verma,22,Female,2,75000.0,South,10
678,Rahul Singh,20,Male,5,90000.0,West,6
679,Priya Gupta,45,Female,1,52000.0,East,14
680,Arjun Patel,24,Male,3,82000.0,North,15
681,Kavita Rao,23,Female,6,68000.0,South,15
682,Manish Kumar,40,Male,2,95000.0,West,6
683,Sneha Kapoor,34,Female,5,61000.0,East,11
684,Rohit Mehta,28,Male,1,87000.0,North,15
685,Pooja Nair,34,Female,6,72000.0,South,6
686,Amit Sharma,36,Male,3,60000.0,north,2
687,Neha Verma,44,Female,4,66857.14,South,15
688,Rahul Singh,43,Male,6,66857.1,West,7
689,Priya Gupta,45,Female,1,52000.0,East,9
690,Arjun Patel,35,Male,4,82000.0,North,9
691,Amit Sharma,36,Male,3,60000.0,North,12
692,Neha Verma,41,Female,2,75000.0,South,14
693,Rahul Singh,36,Male,3,90000.0,West,15
694,Priya Gupta,29,Female,5,52000.0,East,12
695,Arjun Patel,21,Male,3,82000.0,North,2
696,Kavita Rao,34,Female,6,68000.0,South,14
697,Manish Kumar,36,Male,3,95000.0,West,6
698,Sneha Kapoor,21,Female,2,61000.0,East,14
699,Rohit Mehta,22,Male,3,87000.0,North,7
700,Pooja Nair,32,Female,2,72000.0,South,2
701,Amit Sharma,31,Male,2,60000.0,north,8
702,Neha Verma,39,Female,3,66857.14,South,2
703,Rahul Singh,21,Male,5,66857.1,West,12
704,Priya Gupta,33,Female,6,52000.0,East,10
705,Arjun Patel,28,Male,3,82000.0,North,10
706,Amit Sharma,25,Male,6,60000.0,North,12
707,Neha Verma,25,Female,1,75000.0,South,4
708,Rahul Singh,37,Male,5,90000.0,West,10
709,Priya Gupta,20,Female,2,52000.0,East,5
710,Arjun Patel,21,Male,3,82000.0,North,7
711,Kavita Rao,22,Female,2,68000.0,South,14
712,Manish Kumar,26,Male,5,95000.0,West,1
713,Sneha Kapoor,23,Female,5,61000.0,East,13
714,Rohit Mehta,41,Male,4,87000.0,North,6
715,Pooja Nair,21,Female,2,72000.0,South,12
716,Amit Sharma,33,Male,4,60000.0,north,6
717,Neha Verma,36,Female,6,66857.14,South,9
718,Rahul Singh,32,Male,2,66857.1,West,4
719,Priya Gupta,21,Female,2,52000.0,East,6
720,Arjun Patel,20,Male,3,82000.0,North,12
721,Amit Sharma,24,Male,1,60000.0,North,2
722,Neha Verma,45,Female,6,75000.0,South,6
723,Rahul Singh,33,Male,4,90000.0,West,14
724,Priya Gupta,44,Female,4,52000.0,East,9
725,Arjun Patel,35,Male,1,82000.0,North,14
726,Kavita Rao,43,Female,5,68000.0,South,6
727,Manish Kumar,28,Male,6,95000.0,West,6
728,Sneha Kapoor,44,Female,1,61000.0,East,10
729,Rohit Mehta,34,Male,6,87000.0,North,8
730,Pooja Nair,29,Female,5,72000.0,South,10
731,Amit Sharma,43,Male,2,60000.0,north,5
732,Neha Verma,35,Female,1,66857.14,South,4
733,Rahul Singh,21,Male,5,66857.1,West,12
734,Priya Gupta,31,Female,5,52000.0,East,8
735,Arjun Patel,45,Male,2,82000.0,North,6
736,Amit Sharma,37,Male,2,60000.0,North,7
737,Neha Verma,41,Female,1,75000.0,South,5
738,Rahul Singh,32,Male,1,90000.0,West,1
739,Priya Gupta,24,Female,2,52000.0,East,13
740,Arjun Patel,20,Male,2,82000.0,North,10
741,Kavita Rao,20,Female,6,68000.0,South,11
742,Manish Kumar,41,Male,5,95000.0,West,7
743,Sneha Kapoor,37,Female,4,61000.0,East,15
744,Rohit Mehta,43,Male,6,87000.0,North,13
745,Pooja Nair,26,Female,1,72000.0,South,15
746,Amit Sharma,42,Male,4,60000.0,north,15
747,Neha Verma,41,Female,3,66857.14,South,14
748,Rahul Singh,42,Male,5,66857.1,West,2
749,Priya Gupta,22,Female,4,52000.0,East,10
750,Arjun Patel,28,Male,6,82000.0,North,4
751,Amit Sharma,41,Male,4,60000.0,North,8
752,Neha Verma,22,Female,6,75000.0,South,12
753,Rahul Singh,21,Male,3,90000.0,West,9
754,Priya Gupta,43,Female,4,52000.0,East,7
755,Arjun Patel,35,Male,5,82000.0,North,9
756,Kavita Rao,32,Female,6,68000.0,South,15
757,Manish Kumar,35,Male,4,95000.0,West,13
758,Sneha Kapoor,23,Female,2,61000.0,East,1
759,Rohit Mehta,33,Male,2,87000.0,North,13
760,Pooja Nair,31,Female,2,72000.0,South,9
761,Amit Sharma,22,Male,3,60000.0,north,8
762,Neha Verma,23,Female,3,66857.14,South,12
763,Rahul Singh,37,Male,1,66857.1,West,11
764,Priya Gupta,30,Female,6,52000.0,East,12
765,Arjun Patel,25,Male,3,82000.0,North,13
766,Amit Sharma,42,Male,2,60000.0,North,4
767,Neha Verma,35,Female,6,75000.0,South,3
768,Rahul Singh,23,Male,4,90000.0,West,7
769,Priya Gupta,32,Female,3,52000.0,East,3
770,Arjun Patel,38,Male,2,82000.0,North,7
771,Kavita Rao,38,Female,5,68000.0,South,3
772,Manish Kumar,21,Male,5,95000.0,West,14
773,Sneha Kapoor,45,Female,2,61000.0,East,13
774,Rohit Mehta,45,Male,2,87000.0,North,4
775,Pooja Nair,42,Female,6,72000.0,South,9
776,Amit Sharma,41,Male,6,60000.0,north,1
777,Neha Verma,35,Female,1,66857.14,South,6
778,Rahul Singh,45,Male,3,66857.1,West,7
779,Priya Gupta,25,Female,6,52000.0,East,15
780,Arjun Patel,35,Male,5,82000.0,North,4
781,Amit Sharma,25,Male,6,60000.0,North,15
782,Neha Verma,26,Female,4,75000.0,South,2
783,Rahul Singh,45,Male,6,90000.0,West,9
784,Priya Gupta,24,Female,2,52000.0,East,8
785,Arjun Patel,36,Male,3,82000.0,North,10
786,Kavita Rao,26,Female,1,68000.0,South,4
787,Manish Kumar,45,Male,5,95000.0,West,10
788,Sneha Kapoor,21,Female,5,61000.0,East,6
789,Rohit Mehta,36,Male,6,87000.0,North,3
790,Pooja Nair,45,Female,4,72000.0,South,1
791,Amit Sharma,23,Male,2,60000.0,north,6
792,Neha Verma,21,Female,1,66857.14,South,8
793,Rahul Singh,31,Male,4,66857.1,West,8
794,Priya Gupta,26,Female,2,52000.0,East,8
795,Arjun Patel,22,Male,2,82000.0,North,11
796,Amit Sharma,40,Male,2,60000.0,North,6
797,Neha Verma,32,Female,4,75000.0,South,15
798,Rahul Singh,45,Male,5,90000.0,West,15
799,Priya Gupta,40,Female,3,52000.0,East,1
800,Arjun Patel,34,Male,3,82000.0,North,7
801,Kavita Rao,34,Female,6,68000.0,South,14
802,Manish Kumar,39,Male,1,95000.0,West,10
803,Sneha Kapoor,31,Female,2,61000.0,East,7
804,Rohit Mehta,43,Male,5,87000.0,North,15
805,Pooja Nair,31,Female,3,72000.0,South,12
806,Amit Sharma,24,Male,1,60000.0,north,13
807,Neha Verma,27,Female,1,66857.14,South,13
808,Rahul Singh,45,Male,4,66857.1,West,3
809,Priya Gupta,36,Female,4,52000.0,East,14
810,Arjun Patel,37,Male,2,82000.0,North,7
811,Amit Sharma,34,Male,6,60000.0,North,15
812,Neha Verma,29,Female,3,75000.0,South,13
813,Rahul Singh,38,Male,4,90000.0,West,2
814,Priya Gupta,25,Female,3,52000.0,East,11
815,Arjun Patel,40,Male,4,82000.0,North,15
816,Kavita Rao,30,Female,1,68000.0,South,3
817,Manish Kumar,24,Male,3,95000.0,West,8
818,Sneha Kapoor,36,Female,5,61000.0,East,5
819,Rohit Mehta,31,Male,3,87000.0,North,12
820,Pooja Nair,44,Female,2,72000.0,South,13
821,Amit Sharma,44,Male,5,60000.0,north,12
822,Neha Verma,40,Female,3,66857.14,South,14
823,Rahul Singh,29,Male,2,66857.1,West,1
824,Priya Gupta,28,Female,4,52000.0,East,10
825,Arjun Patel,27,Male,4,82000.0,North,6
826,Amit Sharma,22,Male,6,60000.0,North,9
827,Neha Verma,21,Female,5,75000.0,South,9
828,Rahul Singh,45,Male,4,90000.0,West,9
829,Priya Gupta,22,Female,1,52000.0,East,2
830,Arjun Patel,35,Male,4,82000.0,North,5
831,Kavita Rao,41,Female,4,68000.0,South,3
832,Manish Kumar,30,Male,1,95000.0,West,3
833,Sneha Kapoor,29,Female,6,61000.0,East,7
834,Rohit Mehta,34,Male,3,87000.0,North,1
835,Pooja Nair,34,Female,1,72000.0,South,3
836,Amit Sharma,26,Male,4,60000.0,north,1
837,Neha Verma,33,Female,3,66857.14,South,12
838,Rahul Singh,39,Male,4,66857.1,West,6
839,Priya Gupta,36,Female,4,52000.0,East,9
840,Arjun Patel,35,Male,2,82000.0,North,14
841,Amit Sharma,33,Male,2,60000.0,North,8
842,Neha Verma,44,Female,6,75000.0,South,13
843,Rahul Singh,20,Male,6,90000.0,West,5
844,Priya Gupta,44,Female,5,52000.0,East,3
845,Arjun Patel,26,Male,2,82000.0,North,5
846,Kavita Rao,24,Female,2,68000.0,South,10
847,Manish Kumar,39,Male,1,95000.0,West,3
848,Sneha Kapoor,37,Female,3,61000.0,East,7
849,Rohit Mehta,22,Male,5,87000.0,North,14
850,Pooja Nair,20,Female,5,72000.0,South,12
851,Amit Sharma,42,Male,5,60000.0,north,15
852,Neha Verma,29,Female,4,66857.14,South,1
853,Rahul Singh,27,Male,2,66857.1,West,1
854,Priya Gupta,44,Female,3,52000.0,East,5
855,Arjun Patel,32,Male,5,82000.0,North,4
856,Amit Sharma,37,Male,5,60000.0,North,4
857,Neha Verma,27,Female,5,75000.0,South,12
858,Rahul Singh,45,Male,2,90000.0,West,5
859,Priya Gupta,29,Female,5,52000.0,East,4
860,Arjun Patel,31,Male,5,82000.0,North,13
861,Kavita Rao,28,Female,2,68000.0,South,7
862,Manish Kumar,22,Male,5,95000.0,West,5
863,Sneha Kapoor,36,Female,2,61000.0,East,12
864,Rohit Mehta,40,Male,1,87000.0,North,11
865,Pooja Nair,39,Female,3,72000.0,South,5
866,Amit Sharma,34,Male,2,60000.0,north,6
867,Neha Verma,40,Female,3,66857.14,South,7
868,Rahul Singh,40,Male,6,66857.1,West,11
869,Priya Gupta,23,Female,3,52000.0,East,3
870,Arjun Patel,27,Male,4,82000.0,North,3
871,Amit Sharma,35,Male,5,60000.0,North,3
872,Neha Verma,39,Female,2,75000.0,South,5
873,Rahul Singh,44,Male,1,90000.0,West,10
874,Priya Gupta,40,Female,3,52000.0,East,15
875,Arjun Patel,22,Male,2,82000.0,North,5
876,Kavita Rao,33,Female,5,68000.0,South,12
877,Manish Kumar,34,Male,3,95000.0,West,8
878,Sneha Kapoor,33,Female,1,61000.0,East,9
879,Rohit Mehta,45,Male,6,87000.0,North,3
880,Pooja Nair,30,Female,4,72000.0,South,15
881,Amit Sharma,25,Male,5,60000.0,north,13
882,Neha Verma,33,Female,3,66857.14,South,13
883,Rahul Singh,25,Male,3,66857.1,West,12
884,Priya Gupta,28,Female,5,52000.0,East,3
885,Arjun Patel,35,Male,5,82000.0,North,14
886,Amit Sharma,42,Male,6,60000.0,North,11
887,Neha Verma,43,Female,1,75000.0,South,8
888,Rahul Singh,21,Male,3,90000.0,West,6
889,Priya Gupta,30,Female,2,52000.0,East,4
890,Arjun Patel,33,Male,6,82000.0,North,11
891,Kavita Rao,45,Female,1,68000.0,South,7
892,Manish Kumar,43,Male,1,95000.0,West,1
893,Sneha Kapoor,32,Female,6,61000.0,East,8
894,Rohit Mehta,45,Male,4,87000.0,North,12
895,Pooja Nair,34,Female,3,72000.0,South,13
896,Amit Sharma,22,Male,3,60000.0,north,13
897,Neha Verma,30,Female,1,66857.14,South,3
898,Rahul Singh,40,Male,4,66857.1,West,6
899,Priya Gupta,35,Female,3,52000.0,East,15
900,Arjun Patel,23,Male,4,82000.0,North,10
901,Amit Sharma,22,Male,6,60000.0,North,1
902,Neha Verma,35,Female,4,75000.0,South,7
903,Rahul Singh,25,Male,4,90000.0,West,2
904,Priya Gupta,41,Female,2,52000.0,East,9
905,Arjun Patel,21,Male,2,82000.0,North,14
906,Kavita Rao,45,Female,6,68000.0,South,8
907,Manish Kumar,33,Male,4,95000.0,West,9
908,Sneha Kapoor,25,Female,6,61000.0,East,11
909,Rohit Mehta,34,Male,4,87000.0,North,8
910,Pooja Nair,36,Female,4,72000.0,South,4
911,Amit Sharma,28,Male,5,60000.0,north,4
912,Neha Verma,43,Female,5,66857.14,South,12
913,Rahul Singh,20,Male,5,66857.1,West,3
914,Priya Gupta,34,Female,5,52000.0,East,9
915,Arjun Patel,41,Male,2,82000.0,North,14
916,Amit Sharma,26,Male,4,60000.0,North,7
917,Neha Verma,36,Female,4,75000.0,South,7
918,Rahul Singh,24,Male,1,90000.0,West,7
919,Priya Gupta,29,Female,2,52000.0,East,7
920,Arjun Patel,36,Male,3,82000.0,North,13
921,Kavita Rao,41,Female,2,68000.0,South,11
922,Manish Kumar,26,Male,2,95000.0,West,3
923,Sneha Kapoor,45,Female,5,61000.0,East,9
924,Rohit Mehta,26,Male,2,87000.0,North,4
925,Pooja Nair,24,Female,4,72000.0,South,12
926,Amit Sharma,40,Male,4,60000.0,north,5
927,Neha Verma,41,Female,1,66857.14,South,6
928,Rahul Singh,34,Male,3,66857.1,West,12
929,Priya Gupta,45,Female,2,52000.0,East,7
930,Arjun Patel,40,Male,5,82000.0,North,9
931,Amit Sharma,31,Male,3,60000.0,North,2
932,Neha Verma,23,Female,5,75000.0,South,5
933,Rahul Singh,28,Male,4,90000.0,West,11
934,Priya Gupta,24,Female,2,52000.0,East,8
935,Arjun Patel,33,Male,4,82000.0,North,7
936,Kavita Rao,39,Female,6,68000.0,South,4
937,Manish Kumar,44,Male,4,95000.0,West,5
938,Sneha Kapoor,43,Female,5,61000.0,East,13
939,Rohit Mehta,29,Male,5,87000.0,North,5
940,Pooja Nair,38,Female,4,72000.0,South,4
941,Amit Sharma,29,Male,5,60000.0,north,5
942,Neha Verma,40,Female,4,66857.14,South,15
943,Rahul Singh,41,Male,6,66857.1,West,13
944,Priya Gupta,35,Female,4,52000.0,East,6
945,Arjun Patel,29,Male,2,82000.0,North,11
946,Amit Sharma,26,Male,5,60000.0,North,8
947,Neha Verma,35,Female,3,75000.0,South,8
948,Rahul Singh,32,Male,4,90000.0,West,10
949,Priya Gupta,43,Female,4,52000.0,East,7
950,Arjun Patel,31,Male,6,82000.0,North,14
951,Kavita Rao,41,Female,6,68000.0,South,10
952,Manish Kumar,40,Male,3,95000.0,West,12
953,Sneha Kapoor,32,Female,3,61000.0,East,14
954,Rohit Mehta,39,Male,4,87000.0,North,4
955,Pooja Nair,29,Female,2,72000.0,South,14
956,Amit Sharma,45,Male,3,60000.0,north,1
957,Neha Verma,26,Female,4,66857.14,South,7
958,Rahul Singh,31,Male,1,66857.1,West,6
959,Priya Gupta,45,Female,2,52000.0,East,1
960,Arjun Patel,44,Male,1,82000.0,North,2
961,Amit Sharma,38,Male,1,60000.0,North,7
962,Neha Verma,20,Female,2,75000.0,South,1
963,Rahul Singh,24,Male,4,90000.0,West,15
964,Priya Gupta,22,Female,3,52000.0,East,7
965,Arjun Patel,35,Male,4,82000.0,North,4
966,Kavita Rao,29,Female,6,68000.0,South,11
967,Manish Kumar,23,Male,5,95000.0,West,3
968,Sneha Kapoor,39,Female,3,61000.0,East,1
969,Rohit Mehta,24,Male,3,87000.0,North,7
970,Pooja Nair,40,Female,3,72000.0,South,8
971,Amit Sharma,35,Male,2,60000.0,north,5
972,Neha Verma,22,Female,5,66857.14,South,1
973,Rahul Singh,40,Male,3,66857.1,West,4
974,Priya Gupta,44,Female,5,52000.0,East,13
975,Arjun Patel,22,Male,5,82000.0,North,13
976,Amit Sharma,32,Male,2,60000.0,North,6
977,Neha Verma,31,Female,2,75000.0,South,9
978,Rahul Singh,21,Male,1,90000.0,West,3
979,Priya Gupta,45,Female,2,52000.0,East,7
980,Arjun Patel,31,Male,2,82000.0,North,9
981,Kavita Rao,40,Female,3,68000.0,South,6
982,Manish Kumar,30,Male,2,95000.0,West,10
983,Sneha Kapoor,20,Female,5,61000.0,East,5
984,Rohit Mehta,42,Male,1,87000.0,North,12
985,Pooja Nair,30,Female,3,72000.0,South,6
986,Amit Sharma,35,Male,4,60000.0,north,4
987,Neha Verma,23,Female,5,66857.14,South,9
988,Rahul Singh,24,Male,2,66857.1,West,9
989,Priya Gupta,42,Female,4,52000.0,East,11
990,Arjun Patel,21,Male,3,82000.0,North,10
991,Amit Sharma,23,Male,2,60000.0,North,3
992,Neha Verma,34,Female,3,75000.0,South,9
993,Rahul Singh,42,Male,3,90000.0,West,1
994,Priya Gupta,25,Female,5,52000.0,East,13
995,Arjun Patel,23,Male,4,82000.0,North,12
996,Kavita Rao,20,Female,6,68000.0,South,4
997,Manish Kumar,45,Male,1,95000.0,West,2
998,Sneha Kapoor,32,Female,1,61000.0,East,12
999,Rohit Mehta,20,Male,3,87000.0,North,14
1000,Pooja Nair,45,Female,3,72000.0,South,5
1001,Amit Sharma,29,Male,1,60000.0,north,14
1002,Neha Verma,30,Female,2,66857.14,South,12
1003,Rahul Singh,37,Male,1,66857.1,West,9
1004,Priya Gupta,22,Female,1,52000.0,East,3
1005,Arjun Patel,36,Male,6,82000.0,North,2
1006,Amit Sharma,45,Male,3,60000.0,North,15
1007,Neha Verma,43,Female,6,75000.0,South,6
1008,Rahul Singh,39,Male,6,90000.0,West,9
1009,Priya Gupta,43,Female,5,52000.0,East,1
1010,Arjun Patel,39,Male,6,82000.0,North,1
1011,Kavita Rao,20,Female,3,68000.0,South,12
1012,Manish Kumar,29,Male,3,95000.0,West,2
1013,Sneha Kapoor,28,Female,1,61000.0,East,14
1014,Rohit Mehta,38,Male,1,87000.0,North,8
1015,Pooja Nair,33,Female,5,72000.0,South,7
1016,Amit Sharma,24,Male,4,60000.0,north,4
1017,Neha Verma,36,Female,4,66857.14,South,6
1018,Rahul Singh,20,Male,1,66857.1,West,14
1019,Priya Gupta,21,Female,3,52000.0,East,13
1020,Arjun Patel,40,Male,5,82000.0,North,11
1021,Amit Sharma,20,Male,2,60000.0,North,15
1022,Neha Verma,43,Female,2,75000.0,South,3
1023,Rahul Singh,36,Male,6,90000.0,West,13
1024,Priya Gupta,42,Female,6,52000.0,East,2
1025,Arjun Patel,21,Male,5,82000.0,North,6
1026,Kavita Rao,24,Female,6,68000.0,South,15
1027,Manish Kumar,29,Male,1,95000.0,West,3
1028,Sneha Kapoor,43,Female,5,61000.0,East,14
1029,Rohit Mehta,26,Male,3,87000.0,North,10
1030,Pooja Nair,33,Female,4,72000.0,South,13
1031,Amit Sharma,22,Male,4,60000.0,north,2
1032,Neha Verma,22,Female,1,66857.14,South,7
1033,Rahul Singh,44,Male,1,66857.1,West,2
1034,Priya Gupta,29,Female,6,52000.0,East,11
1035,Arjun Patel,45,Male,1,82000.0,North,13
1036,Amit Sharma,20,Male,1,60000.0,North,13
1037,Neha Verma,44,Female,1,75000.0,South,10
1038,Rahul Singh,22,Male,3,90000.0,West,11
1039,Priya Gupta,37,Female,4,52000.0,East,7
1040,Arjun Patel,27,Male,5,82000.0,North,1
1041,Kavita Rao,40,Female,4,68000.0,South,4
1042,Manish Kumar,37,Male,6,95000.0,West,7
1043,Sneha Kapoor,29,Female,2,61000.0,East,2
1044,Rohit Mehta,24,Male,2,87000.0,North,15
1045,Pooja Nair,30,Female,1,72000.0,South,13
1046,Amit Sharma,21,Male,3,60000.0,north,11
1047,Neha Verma,20,Female,1,66857.14,South,7
1048,Rahul Singh,23,Male,1,66857.1,West,10
1049,Priya Gupta,22,Female,6,52000.0,East,8
1050,Arjun Patel,28,Male,5,82000.0,North,14
